Marks,Normalized Marks(Min-Max ),Normalized Marks (Z Score)
3,0,-1.57841
5,0.333333,-0.649934
7,0.666667,0.278543
8,0.833333,0.742781
9,1,1.20702
